Date,Ticker,Company_Name,Close,Calculated_Return,Stock_Split,Dividend,Flag_Extreme_Return,Data_Quality_Flag,Data_Quality_Reason
1999-01-08 00:00:00+05:30,SBIN.NS,State Bank of India,11.585897445678713,0.08011683230534872,,0.0,False,True,invalid_ohlc
1999-01-15 00:00:00+05:30,EICHERMOT.NS,Eicher Motors Ltd.,0.7012237906455994,-0.008264279582780198,,0.0,False,True,invalid_ohlc
1999-01-18 00:00:00+05:30,ONGC.NS,Oil & Natural Gas Corporation Ltd.,5.145987033843994,0.024999660452004413,,0.0,False,True,invalid_ohlc
1999-01-20 00:00:00+05:30,TATACONSUM.NS,Tata Consumer Products Ltd.,21.444074630737305,0.0,,0.0,False,True,invalid_ohlc
1999-01-25 00:00:00+05:30,EICHERMOT.NS,Eicher Motors Ltd.,0.7012237906455994,-0.012345655174266557,,0.0,False,True,invalid_ohlc
1999-01-26 00:00:00+05:30,EICHERMOT.NS,Eicher Motors Ltd.,0.7012237906455994,0.0,,0.0,False,True,invalid_ohlc
1999-01-26 00:00:00+05:30,HINDUNILVR.NS,Hindustan Unilever Ltd.,96.5870361328125,0.0,,0.0,False,True,invalid_ohlc
1999-01-26 00:00:00+05:30,INFY.NS,Infosys Ltd.,11.004855155944824,0.0,,0.0,False,True,invalid_ohlc
1999-01-26 00:00:00+05:30,TATACONSUM.NS,Tata Consumer Products Ltd.,22.074440002441406,0.0,,0.0,False,True,invalid_ohlc
1999-02-01 00:00:00+05:30,RELIANCE.NS,Reliance Industries Ltd.,6.469287872314453,-0.03128522566237191,,0.0,False,True,invalid_ohlc
1999-02-01 00:00:00+05:30,TATACONSUM.NS,Tata Consumer Products Ltd.,21.45585250854492,-0.036507885117332495,,0.0,False,True,invalid_ohlc
1999-02-09 00:00:00+05:30,BRITANNIA.NS,Britannia Industries Ltd.,52.41933822631836,-0.0039980937297845465,,0.0,False,True,invalid_ohlc
1999-02-10 00:00:00+05:30,TATACONSUM.NS,Tata Consumer Products Ltd.,24.813861846923828,0.08000055454419508,,0.0,False,True,invalid_ohlc
1999-02-19 00:00:00+05:30,EICHERMOT.NS,Eicher Motors Ltd.,0.7012237906455994,-0.004149453811847281,,0.0,False,True,invalid_ohlc
1999-02-22 00:00:00+05:30,EICHERMOT.NS,Eicher Motors Ltd.,0.7012237906455994,0.0,,0.0,False,True,invalid_ohlc
1999-02-22 00:00:00+05:30,RELIANCE.NS,Reliance Industries Ltd.,6.59514856338501,-0.07355040515590128,,0.0,False,True,invalid_ohlc
1999-03-02 00:00:00+05:30,AXISBANK.NS,Axis Bank Ltd.,1.8808972835540767,0.0,,0.0,False,True,invalid_ohlc
1999-03-02 00:00:00+05:30,EICHERMOT.NS,Eicher Motors Ltd.,0.8005638718605042,0.0,,0.0,False,True,invalid_ohlc
1999-03-02 00:00:00+05:30,HINDALCO.NS,Hindalco Industries Ltd.,26.90810203552246,0.0,,0.0,False,True,invalid_ohlc
1999-03-02 00:00:00+05:30,M&M.NS,Mahindra & Mahindra Ltd.,38.79917907714844,1.0,,0.0,True,True,spike_reversal
1999-03-02 00:00:00+05:30,ONGC.NS,Oil & Natural Gas Corporation Ltd.,6.036338806152344,0.5000000592458267,,0.0,True,True,spike_reversal
1999-03-02 00:00:00+05:30,RELIANCE.NS,Reliance Industries Ltd.,7.2999749183654785,0.0,,0.0,False,True,invalid_ohlc
1999-03-02 00:00:00+05:30,TATASTEEL.NS,Tata Steel Ltd.,31.355226516723636,9.496080770275054,,0.0,True,True,spike_reversal
1999-03-03 00:00:00+05:30,M&M.NS,Mahindra & Mahindra Ltd.,19.95387077331543,-0.48571409890814765,,0.0,True,False,ok
1999-03-03 00:00:00+05:30,ONGC.NS,Oil & Natural Gas Corporation Ltd.,4.203079700469971,-0.30370381195533336,,0.0,True,False,ok
1999-03-03 00:00:00+05:30,TATASTEEL.NS,Tata Steel Ltd.,3.0281624794006348,-0.9034239960669544,,0.0,True,False,ok
1999-03-10 00:00:00+05:30,HINDALCO.NS,Hindalco Industries Ltd.,26.267431259155277,-0.012048083003548427,,0.0,False,True,invalid_ohlc
1999-03-17 00:00:00+05:30,TATACONSUM.NS,Tata Consumer Products Ltd.,27.453125,-0.04547307208140783,,0.0,False,True,invalid_ohlc
1999-03-29 00:00:00+05:30,AXISBANK.NS,Axis Bank Ltd.,1.7351937294006348,0.0,,0.0,False,True,invalid_ohlc
1999-03-29 00:00:00+05:30,EICHERMOT.NS,Eicher Motors Ltd.,0.7421285510063171,0.0,,0.0,False,True,invalid_ohlc
1999-03-29 00:00:00+05:30,M&M.NS,Mahindra & Mahindra Ltd.,35.798179626464844,1.0,,0.0,True,True,spike_reversal
1999-03-29 00:00:00+05:30,ONGC.NS,Oil & Natural Gas Corporation Ltd.,5.779821395874023,0.49999953593580115,,0.0,True,True,spike_reversal
1999-03-29 00:00:00+05:30,TATASTEEL.NS,Tata Steel Ltd.,26.774497985839844,9.496079078292258,,0.0,True,True,spike_reversal
1999-03-30 00:00:00+05:30,M&M.NS,Mahindra & Mahindra Ltd.,17.578405380249023,-0.5089581212321289,,0.0,True,False,ok
1999-03-30 00:00:00+05:30,ONGC.NS,Oil & Natural Gas Corporation Ltd.,3.7182912826538086,-0.3566771310082101,,0.0,True,False,ok
1999-03-30 00:00:00+05:30,TATASTEEL.NS,Tata Steel Ltd.,2.4500932693481445,-0.9084915328517488,,0.0,True,False,ok
1999-03-31 00:00:00+05:30,TATACONSUM.NS,Tata Consumer Products Ltd.,28.57246208190918,-0.014227638531421394,,0.0,False,True,invalid_ohlc
1999-04-01 00:00:00+05:30,EICHERMOT.NS,Eicher Motors Ltd.,0.7216759920120239,0.0040647837768224004,,0.0,False,True,invalid_ohlc
1999-04-02 00:00:00+05:30,EICHERMOT.NS,Eicher Motors Ltd.,0.7216759920120239,0.0,,0.0,False,True,invalid_ohlc
1999-04-02 00:00:00+05:30,INFY.NS,Infosys Ltd.,13.548832893371582,0.0,,0.0,False,True,invalid_ohlc
1999-04-02 00:00:00+05:30,ONGC.NS,Oil & Natural Gas Corporation Ltd.,3.733980417251587,0.0,,0.0,False,True,invalid_ohlc
1999-04-02 00:00:00+05:30,SUNPHARMA.NS,Sun Pharmaceutical Industries Ltd.,3.534558057785034,0.0,,0.0,False,True,invalid_ohlc
1999-04-13 00:00:00+05:30,ITC.NS,ITC Ltd.,10.062684059143066,-0.01937579391470534,,0.0,False,True,invalid_ohlc
1999-04-14 00:00:00+05:30,ITC.NS,ITC Ltd.,10.062684059143066,0.0,,0.0,False,True,invalid_ohlc
1999-04-19 00:00:00+05:30,HINDUNILVR.NS,Hindustan Unilever Ltd.,122.2425537109375,-0.048657784071011734,,0.0,False,True,invalid_ohlc
1999-04-27 00:00:00+05:30,M&M.NS,Mahindra & Mahindra Ltd.,34.824249267578125,1.0,,0.0,True,True,spike_reversal
1999-04-27 00:00:00+05:30,ONGC.NS,Oil & Natural Gas Corporation Ltd.,4.725523471832275,0.49999992431995044,,0.0,True,True,spike_reversal
1999-04-27 00:00:00+05:30,TATASTEEL.NS,Tata Steel Ltd.,20.291824340820312,9.496076985464406,,0.0,True,True,spike_reversal
1999-04-28 00:00:00+05:30,M&M.NS,Mahindra & Mahindra Ltd.,17.586322784423828,-0.49499779164523305,,0.0,True,False,ok
1999-04-28 00:00:00+05:30,ONGC.NS,Oil & Natural Gas Corporation Ltd.,3.2633097171783447,-0.3094289475800597,,0.0,True,False,ok
1999-04-28 00:00:00+05:30,TATASTEEL.NS,Tata Steel Ltd.,1.9907011985778809,-0.9018963911207697,,0.0,True,False,ok
1999-04-29 00:00:00+05:30,RELIANCE.NS,Reliance Industries Ltd.,6.743667125701904,0.08024193455988682,,0.0,False,True,invalid_ohlc
1999-04-30 00:00:00+05:30,AXISBANK.NS,Axis Bank Ltd.,1.7153253555297852,0.0,,0.0,False,True,invalid_ohlc
1999-05-17 00:00:00+05:30,BPCL.NS,Bharat Petroleum Corporation Ltd.,3.219752311706543,0.08018346278569277,,0.0,False,True,invalid_ohlc
1999-05-27 00:00:00+05:30,HINDUNILVR.NS,Hindustan Unilever Ltd.,124.71490478515624,-0.019438081642510263,,0.0,False,True,invalid_ohlc
1999-05-31 00:00:00+05:30,ONGC.NS,Oil & Natural Gas Corporation Ltd.,4.714540004730225,0.07321395716634194,,0.0,False,True,invalid_ohlc
1999-06-04 00:00:00+05:30,BRITANNIA.NS,Britannia Industries Ltd.,61.25721740722656,-0.006258299378774201,,0.0,False,True,invalid_ohlc
1999-06-07 00:00:00+05:30,TATACONSUM.NS,Tata Consumer Products Ltd.,25.777069091796875,0.056883899949801364,,0.0,False,True,invalid_ohlc
1999-07-15 00:00:00+05:30,EICHERMOT.NS,Eicher Motors Ltd.,1.9429742097854612,-0.07894741006020956,,0.0,False,True,invalid_ohlc
1999-08-13 00:00:00+05:30,ONGC.NS,Oil & Natural Gas Corporation Ltd.,6.711751461029053,0.08003038849920685,,0.0,False,True,invalid_ohlc
1999-08-18 00:00:00+05:30,ONGC.NS,Oil & Natural Gas Corporation Ltd.,7.61835241317749,0.05367517757737139,,0.0,False,True,invalid_ohlc
1999-09-13 00:00:00+05:30,ITC.NS,ITC Ltd.,10.792465209960938,0.0,,0.0,False,True,invalid_ohlc
1999-09-22 00:00:00+05:30,WIPRO.NS,Wipro Ltd.,3.543274164199829,-0.7839910078816644,,0.0,True,False,ok
1999-09-24 00:00:00+05:30,BRITANNIA.NS,Britannia Industries Ltd.,80.88655090332031,0.4501764066176812,1.5,0.0,True,False,ok
1999-09-27 00:00:00+05:30,WIPRO.NS,Wipro Ltd.,20.66230583190918,3.999308458929452,5.0,0.0,True,False,ok
1999-10-04 00:00:00+05:30,HDFCBANK.NS,HDFC Bank Ltd.,3.843036413192749,-0.03699939628985616,,0.0,False,True,invalid_ohlc
1999-10-19 00:00:00+05:30,BRITANNIA.NS,Britannia Industries Ltd.,61.23989868164063,0.0,,0.0,False,True,invalid_ohlc
1999-10-19 00:00:00+05:30,SBIN.NS,State Bank of India,15.66359043121338,0.0,,0.0,False,True,invalid_ohlc
1999-11-02 00:00:00+05:30,WIPRO.NS,Wipro Ltd.,15.740492820739746,0.08000754593716852,,0.0,False,True,invalid_ohlc
1999-11-08 00:00:00+05:30,M&M.NS,Mahindra & Mahindra Ltd.,56.31918716430664,1.0,,0.0,True,True,spike_reversal
1999-11-08 00:00:00+05:30,ONGC.NS,Oil & Natural Gas Corporation Ltd.,10.823662757873535,0.49999973566966105,,0.0,True,True,spike_reversal
1999-11-08 00:00:00+05:30,TATASTEEL.NS,Tata Steel Ltd.,39.64126586914063,9.49607923581697,,0.0,True,True,spike_reversal
1999-11-09 00:00:00+05:30,M&M.NS,Mahindra & Mahindra Ltd.,27.791473388671875,-0.5065363193614192,,0.0,True,False,ok
1999-11-09 00:00:00+05:30,ONGC.NS,Oil & Natural Gas Corporation Ltd.,7.080506324768066,-0.3458308445893288,,0.0,True,False,ok
1999-11-09 00:00:00+05:30,TATASTEEL.NS,Tata Steel Ltd.,3.752907037734986,-0.9053282745782218,,0.0,True,False,ok
1999-11-23 00:00:00+05:30,HINDUNILVR.NS,Hindustan Unilever Ltd.,126.43680572509766,0.0,,0.0,False,True,invalid_ohlc
1999-11-23 00:00:00+05:30,ITC.NS,ITC Ltd.,8.428317070007324,0.0,,0.0,False,True,invalid_ohlc
1999-11-23 00:00:00+05:30,M&M.NS,Mahindra & Mahindra Ltd.,70.85814666748047,1.0,,0.0,True,True,spike_reversal
1999-11-23 00:00:00+05:30,ONGC.NS,Oil & Natural Gas Corporation Ltd.,10.14008903503418,0.5000002116122952,,0.0,True,False,ok
1999-11-23 00:00:00+05:30,TATACONSUM.NS,Tata Consumer Products Ltd.,31.810523986816406,0.0,,0.0,False,True,invalid_ohlc
1999-11-23 00:00:00+05:30,TATASTEEL.NS,Tata Steel Ltd.,38.63946533203125,9.496084506653666,,0.0,True,False,ok
1999-11-24 00:00:00+05:30,M&M.NS,Mahindra & Mahindra Ltd.,34.264015197753906,-0.5164421197953942,,0.0,True,False,ok
1999-11-24 00:00:00+05:30,TATASTEEL.NS,Tata Steel Ltd.,3.976941108703613,-0.897075669279336,,0.0,True,False,ok
1999-12-09 00:00:00+05:30,EICHERMOT.NS,Eicher Motors Ltd.,2.687670946121216,-0.007891868933651569,,0.0,False,True,invalid_ohlc
1999-12-20 00:00:00+05:30,AXISBANK.NS,Axis Bank Ltd.,3.99584436416626,0.07884625832543946,,0.0,False,True,invalid_ohlc
1999-12-22 00:00:00+05:30,EICHERMOT.NS,Eicher Motors Ltd.,3.219097137451172,0.07991779365792229,,0.0,False,True,invalid_ohlc
1999-12-31 00:00:00+05:30,ITC.NS,ITC Ltd.,7.284552574157715,0.0,,0.0,False,True,invalid_ohlc
1999-12-31 00:00:00+05:30,TATACONSUM.NS,Tata Consumer Products Ltd.,31.910245895385746,0.0,,0.0,False,True,invalid_ohlc
2000-01-04 00:00:00+05:30,RELIANCE.NS,Reliance Industries Ltd.,14.304693222045898,0.08005557409705588,,0.0,False,True,invalid_ohlc
2000-01-07 00:00:00+05:30,BRITANNIA.NS,Britannia Industries Ltd.,59.77115631103516,0.07999704164219468,,0.0,False,True,invalid_ohlc
2000-01-07 00:00:00+05:30,INFY.NS,Infosys Ltd.,62.653053283691406,-0.08000038538421406,,0.0,False,True,invalid_ohlc
2000-01-11 00:00:00+05:30,SBIN.NS,State Bank of India,15.807034492492676,-0.07996268756133629,,0.0,False,True,invalid_ohlc
2000-01-17 00:00:00+05:30,M&M.NS,Mahindra & Mahindra Ltd.,45.352272033691406,0.08005751669802996,,0.0,False,True,invalid_ohlc
2000-01-27 00:00:00+05:30,WIPRO.NS,Wipro Ltd.,53.88595199584961,0.08000566384715446,,0.0,False,True,invalid_ohlc
2000-02-17 00:00:00+05:30,WIPRO.NS,Wipro Ltd.,118.28008270263672,0.0800045364739963,,0.0,False,True,invalid_ohlc
2000-02-24 00:00:00+05:30,WIPRO.NS,Wipro Ltd.,106.81614685058594,-0.07999546588820128,,0.0,False,True,invalid_ohlc
2000-03-17 00:00:00+05:30,SUNPHARMA.NS,Sun Pharmaceutical Industries Ltd.,14.69526481628418,0.0,,0.0,False,True,invalid_ohlc
2000-03-20 00:00:00+05:30,SUNPHARMA.NS,Sun Pharmaceutical Industries Ltd.,14.69526481628418,0.0,,0.0,False,True,invalid_ohlc
2000-04-14 00:00:00+05:30,ITC.NS,ITC Ltd.,7.613800048828125,0.0,,0.0,False,True,invalid_ohlc
2000-04-21 00:00:00+05:30,ITC.NS,ITC Ltd.,6.392861843109131,0.0,,0.0,False,True,invalid_ohlc
2000-05-01 00:00:00+05:30,CIPLA.NS,Cipla Ltd.,59.51289749145508,0.0,,0.0,False,True,invalid_ohlc
2000-08-10 00:00:00+05:30,EICHERMOT.NS,Eicher Motors Ltd.,1.8008300065994265,0.0,,0.0,False,True,invalid_ohlc
2000-08-15 00:00:00+05:30,BRITANNIA.NS,Britannia Industries Ltd.,49.8817024230957,0.0,,0.0,False,True,invalid_ohlc
2000-08-15 00:00:00+05:30,TATACONSUM.NS,Tata Consumer Products Ltd.,14.244322776794434,0.0,,0.0,False,True,invalid_ohlc
2000-09-01 00:00:00+05:30,M&M.NS,Mahindra & Mahindra Ltd.,15.173680305480955,0.0,,0.0,False,True,invalid_ohlc
2000-09-01 00:00:00+05:30,TATACONSUM.NS,Tata Consumer Products Ltd.,14.244322776794434,0.0,,0.0,False,True,invalid_ohlc
2000-10-02 00:00:00+05:30,HINDUNILVR.NS,Hindustan Unilever Ltd.,116.61808013916016,0.0,,0.0,False,True,invalid_ohlc
2000-10-02 00:00:00+05:30,ONGC.NS,Oil & Natural Gas Corporation Ltd.,3.6528570652008057,0.0,,0.0,False,True,invalid_ohlc
2000-12-08 00:00:00+05:30,EICHERMOT.NS,Eicher Motors Ltd.,1.932676911354065,0.0809353247072584,,0.0,False,True,invalid_ohlc
2000-12-25 00:00:00+05:30,EICHERMOT.NS,Eicher Motors Ltd.,1.6593362092971802,0.0,,0.0,False,True,invalid_ohlc
2000-12-25 00:00:00+05:30,HINDUNILVR.NS,Hindustan Unilever Ltd.,112.0327606201172,0.0,,0.0,False,True,invalid_ohlc
2000-12-25 00:00:00+05:30,INFY.NS,Infosys Ltd.,55.52690505981445,0.0,,0.0,False,True,invalid_ohlc
2000-12-25 00:00:00+05:30,TATACONSUM.NS,Tata Consumer Products Ltd.,14.039365768432615,0.0,,0.0,False,True,invalid_ohlc
2001-01-01 00:00:00+05:30,EICHERMOT.NS,Eicher Motors Ltd.,1.8008300065994265,0.014492513223395065,,0.0,False,True,invalid_ohlc
2001-01-26 00:00:00+05:30,ITC.NS,ITC Ltd.,10.131217002868652,0.0,,0.0,False,True,invalid_ohlc
2001-04-05 00:00:00+05:30,EICHERMOT.NS,Eicher Motors Ltd.,1.5017638206481934,0.0,,0.0,False,True,invalid_ohlc
2001-04-05 00:00:00+05:30,SBIN.NS,State Bank of India,12.82605266571045,0.0,,0.0,False,True,invalid_ohlc
2001-04-05 00:00:00+05:30,TITAN.NS,Titan Company Ltd.,1.8672131299972532,0.0,,0.0,False,True,invalid_ohlc
2001-04-11 00:00:00+05:30,INFY.NS,Infosys Ltd.,30.721059799194336,-0.15998998455961633,,0.0,False,True,invalid_ohlc
2001-05-01 00:00:00+05:30,HINDUNILVR.NS,Hindustan Unilever Ltd.,118.77786254882812,0.0,,0.0,False,True,invalid_ohlc
2001-08-15 00:00:00+05:30,HINDUNILVR.NS,Hindustan Unilever Ltd.,123.37511444091795,0.0,,0.0,False,True,invalid_ohlc
2001-10-02 00:00:00+05:30,ITC.NS,ITC Ltd.,6.779580116271973,0.0,,0.0,False,True,invalid_ohlc
2001-10-10 00:00:00+05:30,DRREDDY.NS,Dr. Reddy's Laboratories Ltd.,157.39442443847656,1.0451641192000447,2.0,0.0,True,False,ok
2001-10-15 00:00:00+05:30,DRREDDY.NS,Dr. Reddy's Laboratories Ltd.,79.76187896728516,-0.49978411559691127,,0.0,True,False,ok
2001-10-26 00:00:00+05:30,WIPRO.NS,Wipro Ltd.,15.973315238952637,0.0,,0.0,False,True,invalid_ohlc
2001-11-30 00:00:00+05:30,HINDUNILVR.NS,Hindustan Unilever Ltd.,120.00675964355467,0.0,,0.0,False,True,invalid_ohlc
2001-11-30 00:00:00+05:30,ITC.NS,ITC Ltd.,7.594451904296875,0.0,,0.0,False,True,invalid_ohlc
2001-12-14 00:00:00+05:30,EICHERMOT.NS,Eicher Motors Ltd.,1.831836462020874,0.0,,0.0,False,True,invalid_ohlc
2001-12-17 00:00:00+05:30,EICHERMOT.NS,Eicher Motors Ltd.,1.831836462020874,0.0,,0.0,False,True,invalid_ohlc
2001-12-17 00:00:00+05:30,ITC.NS,ITC Ltd.,7.810688972473144,0.0,,0.0,False,True,invalid_ohlc
2001-12-25 00:00:00+05:30,M&M.NS,Mahindra & Mahindra Ltd.,7.381716251373291,0.0,,0.0,False,True,invalid_ohlc
2001-12-26 00:00:00+05:30,EICHERMOT.NS,Eicher Motors Ltd.,1.6204708814620972,0.031390285936530926,,0.0,False,True,invalid_ohlc
2002-03-25 00:00:00+05:30,EICHERMOT.NS,Eicher Motors Ltd.,3.166963815689087,0.0,,0.0,False,True,invalid_ohlc
2002-03-29 00:00:00+05:30,ITC.NS,ITC Ltd.,7.929047584533691,0.0,,0.0,False,True,invalid_ohlc
2002-05-01 00:00:00+05:30,TATASTEEL.NS,Tata Steel Ltd.,3.169171094894409,0.0,,0.0,False,True,invalid_ohlc
2002-07-01 00:00:00+05:30,ADANIENT.NS,Adani Enterprises Ltd.,-0.0121729988604784,,,0.0,False,True,nonpositive_price;invalid_ohlc
2002-07-02 00:00:00+05:30,ADANIENT.NS,Adani Enterprises Ltd.,-0.0122688440605998,0.007873589837634754,,0.0,False,True,nonpositive_price;invalid_ohlc
2002-07-03 00:00:00+05:30,ADANIENT.NS,Adani Enterprises Ltd.,-0.0122688440605998,0.0,,0.0,False,True,nonpositive_price;invalid_ohlc
2002-07-04 00:00:00+05:30,ADANIENT.NS,Adani Enterprises Ltd.,-0.0123373139649629,0.0055807950630804015,,0.0,False,True,nonpositive_price;invalid_ohlc
2002-07-05 00:00:00+05:30,ADANIENT.NS,Adani Enterprises Ltd.,-0.0123099219053983,-0.0022202612045371106,,0.0,False,True,nonpositive_price;invalid_ohlc
2002-07-08 00:00:00+05:30,ADANIENT.NS,Adani Enterprises Ltd.,-0.012850796803832,0.04393812589473134,,0.0,False,True,nonpositive_price;invalid_ohlc
2002-07-09 00:00:00+05:30,ADANIENT.NS,Adani Enterprises Ltd.,-0.012515322305262,-0.02610534612686155,,0.0,False,True,nonpositive_price;invalid_ohlc
2002-07-10 00:00:00+05:30,ADANIENT.NS,Adani Enterprises Ltd.,-0.0125016272068023,-0.0010942665418965936,,0.0,False,True,nonpositive_price;invalid_ohlc
2002-07-11 00:00:00+05:30,ADANIENT.NS,Adani Enterprises Ltd.,-0.0122962398454546,-0.016428850256864802,,0.0,False,True,nonpositive_price;invalid_ohlc
2002-07-12 00:00:00+05:30,ADANIENT.NS,Adani Enterprises Ltd.,-0.0123920813202857,0.007794372591595877,,0.0,False,True,nonpositive_price;invalid_ohlc
2002-07-15 00:00:00+05:30,ADANIENT.NS,Adani Enterprises Ltd.,-0.0121387643739581,-0.02044184021879536,,0.0,False,True,nonpositive_price;invalid_ohlc
2002-07-16 00:00:00+05:30,ADANIENT.NS,Adani Enterprises Ltd.,-0.0122483046725392,0.009024007321214889,,0.0,False,True,nonpositive_price;invalid_ohlc
2002-07-17 00:00:00+05:30,ADANIENT.NS,Adani Enterprises Ltd.,-0.0121524604037404,-0.007825104890939127,,0.0,False,True,nonpositive_price;invalid_ohlc
2002-07-18 00:00:00+05:30,ADANIENT.NS,Adani Enterprises Ltd.,-0.0122962398454546,0.011831303039666397,,0.0,False,True,nonpositive_price;invalid_ohlc
2002-07-19 00:00:00+05:30,ADANIENT.NS,Adani Enterprises Ltd.,-0.0122483046725392,-0.0038983602725608524,,0.0,False,True,nonpositive_price;invalid_ohlc
2002-07-22 00:00:00+05:30,ADANIENT.NS,Adani Enterprises Ltd.,-0.0119607532396912,-0.023476835409939834,,0.0,False,True,nonpositive_price;invalid_ohlc
2002-07-23 00:00:00+05:30,ADANIENT.NS,Adani Enterprises Ltd.,-0.0119607532396912,0.0,,0.0,False,True,nonpositive_price;invalid_ohlc
2002-07-24 00:00:00+05:30,ADANIENT.NS,Adani Enterprises Ltd.,-0.0116458218544721,-0.02633039733434306,,0.0,False,True,nonpositive_price;invalid_ohlc
2002-07-25 00:00:00+05:30,ADANIENT.NS,Adani Enterprises Ltd.,-0.0117553630843758,0.009406054057201185,,0.0,False,True,nonpositive_price;invalid_ohlc
2002-07-26 00:00:00+05:30,ADANIENT.NS,Adani Enterprises Ltd.,-0.0113925011828541,-0.030867774897058164,,0.0,False,True,nonpositive_price;invalid_ohlc
2002-07-29 00:00:00+05:30,ADANIENT.NS,Adani Enterprises Ltd.,-0.0111117977648973,-0.024639314356996733,,0.0,False,True,nonpositive_price;invalid_ohlc
2002-07-30 00:00:00+05:30,ADANIENT.NS,Adani Enterprises Ltd.,-0.0109885595738887,-0.011090751795169829,,0.0,False,True,nonpositive_price;invalid_ohlc
2002-07-31 00:00:00+05:30,ADANIENT.NS,Adani Enterprises Ltd.,-0.0108858617022633,-0.009345890235644139,,0.0,False,True,nonpositive_price;invalid_ohlc
2002-08-01 00:00:00+05:30,ADANIENT.NS,Adani Enterprises Ltd.,-0.0110159432515501,0.011949586798420953,,0.0,False,True,nonpositive_price;invalid_ohlc
2002-08-02 00:00:00+05:30,ADANIENT.NS,Adani Enterprises Ltd.,-0.010906396433711,-0.009944388359452216,,0.0,False,True,nonpositive_price;invalid_ohlc
2002-08-05 00:00:00+05:30,ADANIENT.NS,Adani Enterprises Ltd.,-0.0108858617022633,-0.0018828154260217556,,0.0,False,True,nonpositive_price;invalid_ohlc
2002-08-06 00:00:00+05:30,ADANIENT.NS,Adani Enterprises Ltd.,-0.0107352407649159,-0.013836381672576614,,0.0,False,True,nonpositive_price;invalid_ohlc
2002-08-07 00:00:00+05:30,ADANIENT.NS,Adani Enterprises Ltd.,-0.0109337903559207,0.018495122312830237,,0.0,False,True,nonpositive_price;invalid_ohlc
2002-08-08 00:00:00+05:30,ADANIENT.NS,Adani Enterprises Ltd.,-0.0107694724574685,-0.015028447876103801,,0.0,False,True,nonpositive_price;invalid_ohlc
2002-08-09 00:00:00+05:30,ADANIENT.NS,Adani Enterprises Ltd.,-0.0108516290783882,0.007628657879404921,,0.0,False,True,nonpositive_price;invalid_ohlc
2002-08-12 00:00:00+05:30,ADANIENT.NS,Adani Enterprises Ltd.,-0.0108995558694005,0.0044165526361150675,,0.0,False,True,nonpositive_price;invalid_ohlc
2002-08-13 00:00:00+05:30,ADANIENT.NS,Adani Enterprises Ltd.,-0.0108584770932793,-0.0037688486222200446,,0.0,False,True,nonpositive_price;invalid_ohlc
2002-08-14 00:00:00+05:30,ADANIENT.NS,Adani Enterprises Ltd.,-0.0107489340007305,-0.010088255618884046,,0.0,False,True,nonpositive_price;invalid_ohlc
2002-08-15 00:00:00+05:30,ADANIENT.NS,Adani Enterprises Ltd.,-0.0107489340007305,0.0,,0.0,False,True,nonpositive_price
2002-08-16 00:00:00+05:30,ADANIENT.NS,Adani Enterprises Ltd.,-0.0105777662247419,-0.01592416289624332,,0.0,False,True,nonpositive_price;invalid_ohlc
2002-08-19 00:00:00+05:30,ADANIENT.NS,Adani Enterprises Ltd.,-0.0105709247291088,-0.0006467807557607452,,0.0,False,True,nonpositive_price;invalid_ohlc
2002-08-20 00:00:00+05:30,ADANIENT.NS,Adani Enterprises Ltd.,-0.0105640823021531,-0.0006472874541295637,,0.0,False,True,nonpositive_price;invalid_ohlc
2002-08-21 00:00:00+05:30,ADANIENT.NS,Adani Enterprises Ltd.,-0.0106667755171656,0.009720978318350504,,0.0,False,True,nonpositive_price;invalid_ohlc
2002-08-22 00:00:00+05:30,ADANIENT.NS,Adani Enterprises Ltd.,-0.0107010081410408,0.003209275738493833,,0.0,False,True,nonpositive_price;invalid_ohlc
2002-08-23 00:00:00+05:30,ADANIENT.NS,Adani Enterprises Ltd.,-0.0107352407649159,0.003199009235757,,0.0,False,True,nonpositive_price;invalid_ohlc
2002-08-26 00:00:00+05:30,ADANIENT.NS,Adani Enterprises Ltd.,-0.0107010081410408,-0.003188808208845817,,0.0,False,True,nonpositive_price;invalid_ohlc
2002-08-27 00:00:00+05:30,ADANIENT.NS,Adani Enterprises Ltd.,-0.0106393937021493,-0.005757816280430261,,0.0,False,True,nonpositive_price;invalid_ohlc
2002-08-28 00:00:00+05:30,ADANIENT.NS,Adani Enterprises Ltd.,-0.0106599302962422,0.001930241014462375,,0.0,False,True,nonpositive_price;invalid_ohlc
2002-08-29 00:00:00+05:30,ADANIENT.NS,Adani Enterprises Ltd.,-0.010598306544125,-0.005780877585937261,,0.0,False,True,nonpositive_price;invalid_ohlc
2002-08-30 00:00:00+05:30,ADANIENT.NS,Adani Enterprises Ltd.,-0.010625697672367,0.0025844815988251835,,0.0,False,True,nonpositive_price;invalid_ohlc
2002-09-02 00:00:00+05:30,ADANIENT.NS,Adani Enterprises Ltd.,-0.010742082260549,0.01095312437550966,,0.0,False,True,nonpositive_price;invalid_ohlc
2002-09-03 00:00:00+05:30,ADANIENT.NS,Adani Enterprises Ltd.,-0.0107147013768553,-0.0025489363262706233,,0.0,False,True,nonpositive_price;invalid_ohlc
2002-09-04 00:00:00+05:30,ADANIENT.NS,Adani Enterprises Ltd.,0.0501031577587127,-5.676113313520799,,1.454228,True,False,ok
2002-09-10 00:00:00+05:30,M&M.NS,Mahindra & Mahindra Ltd.,7.680813312530518,0.0,,0.0,False,True,invalid_ohlc
2002-09-10 00:00:00+05:30,TATASTEEL.NS,Tata Steel Ltd.,3.5662903785705566,0.0,,0.0,False,True,invalid_ohlc
2002-09-10 00:00:00+05:30,TCS.NS,Tata Consultancy Services Ltd.,26.63351249694824,0.0,,0.0,False,True,invalid_ohlc
2002-10-02 00:00:00+05:30,HCLTECH.NS,HCL Technologies Ltd.,14.136338233947754,0.0,,0.0,False,True,invalid_ohlc
2002-10-15 00:00:00+05:30,BAJAJ-AUTO.NS,Bajaj Auto Ltd.,62.47055435180664,0.0,,0.0,False,True,invalid_ohlc
2002-10-15 00:00:00+05:30,HEROMOTOCO.NS,Hero MotoCorp Ltd.,120.3608627319336,0.0,,0.0,False,True,invalid_ohlc
2002-10-15 00:00:00+05:30,HINDALCO.NS,Hindalco Industries Ltd.,31.883825302124023,0.0,,0.0,False,True,invalid_ohlc
2002-10-15 00:00:00+05:30,ITC.NS,ITC Ltd.,7.512652397155762,0.0,,0.0,False,True,invalid_ohlc
2002-11-06 00:00:00+05:30,HCLTECH.NS,HCL Technologies Ltd.,11.275216102600098,0.0,,0.0,False,True,invalid_ohlc
2002-11-19 00:00:00+05:30,HCLTECH.NS,HCL Technologies Ltd.,11.75221824645996,0.0,,0.0,False,True,invalid_ohlc
2002-12-25 00:00:00+05:30,CIPLA.NS,Cipla Ltd.,59.1395149230957,0.0,,0.0,False,True,invalid_ohlc
2002-12-25 00:00:00+05:30,HCLTECH.NS,HCL Technologies Ltd.,13.000028610229492,0.0,,0.0,False,True,invalid_ohlc
2002-12-25 00:00:00+05:30,INFY.NS,Infosys Ltd.,45.2991828918457,0.0,,0.0,False,True,invalid_ohlc
2003-02-13 00:00:00+05:30,HINDUNILVR.NS,Hindustan Unilever Ltd.,98.19378662109376,0.0,,0.0,False,True,invalid_ohlc
2003-02-13 00:00:00+05:30,ITC.NS,ITC Ltd.,7.312902450561523,0.0,,0.0,False,True,invalid_ohlc
2003-03-14 00:00:00+05:30,HINDUNILVR.NS,Hindustan Unilever Ltd.,93.3031234741211,0.0,,0.0,False,True,invalid_ohlc
2003-03-14 00:00:00+05:30,NESTLEIND.NS,Nestle India Ltd.,445.2392272949219,0.0,,0.0,False,True,invalid_ohlc
2003-03-14 00:00:00+05:30,TATACONSUM.NS,Tata Consumer Products Ltd.,11.84867000579834,0.0,,0.0,False,True,invalid_ohlc
2003-03-18 00:00:00+05:30,ITC.NS,ITC Ltd.,7.248447418212891,0.0,,0.0,False,True,invalid_ohlc
2003-03-18 00:00:00+05:30,TCS.NS,Tata Consultancy Services Ltd.,27.19462776184082,0.0,,0.0,False,True,invalid_ohlc
2003-04-14 00:00:00+05:30,CIPLA.NS,Cipla Ltd.,3.984762191772461,-0.9200054234312139,,0.0,True,True,spike_reversal
2003-04-14 00:00:00+05:30,TATASTEEL.NS,Tata Steel Ltd.,28.27684783935547,5.9971320428430746,,0.0,True,True,spike_reversal
2003-04-15 00:00:00+05:30,CIPLA.NS,Cipla Ltd.,49.98186111450195,11.543248181209412,,0.0,True,False,ok
2003-04-15 00:00:00+05:30,TATASTEEL.NS,Tata Steel Ltd.,3.8701188564300537,-0.8631347143636124,,0.0,True,False,ok
2003-05-01 00:00:00+05:30,TATASTEEL.NS,Tata Steel Ltd.,3.8981409072875977,0.0,,0.0,False,True,invalid_ohlc
2003-09-04 00:00:00+05:30,ADANIENT.NS,Adani Enterprises Ltd.,0.5835897922515869,7.440011908755155,,1.454228,True,False,ok
2003-10-02 00:00:00+05:30,BAJFINANCE.NS,Bajaj Finance Ltd.,0.4419897794723511,0.0,,0.0,False,True,invalid_ohlc
2003-11-26 00:00:00+05:30,CIPLA.NS,Cipla Ltd.,6.183858871459961,-0.9200017736133123,,0.0,True,False,ok
2003-11-26 00:00:00+05:30,HINDUNILVR.NS,Hindustan Unilever Ltd.,109.6134796142578,0.0,,0.0,False,True,invalid_ohlc
2003-11-26 00:00:00+05:30,LT.NS,Larsen & Toubro Ltd.,63.17378616333008,0.0,,0.0,False,True,invalid_ohlc
2003-11-26 00:00:00+05:30,TATASTEEL.NS,Tata Steel Ltd.,76.40328216552734,5.997387333620805,,0.0,True,True,spike_reversal
2003-11-27 00:00:00+05:30,CIPLA.NS,Cipla Ltd.,81.88502502441406,12.241735739205453,,0.0,True,False,ok
2003-11-27 00:00:00+05:30,TATASTEEL.NS,Tata Steel Ltd.,10.968478202819824,-0.856439698767696,,0.0,True,False,ok
2003-12-25 00:00:00+05:30,CIPLA.NS,Cipla Ltd.,6.934020519256592,-0.9199968506420456,,0.0,True,True,spike_reversal
2003-12-25 00:00:00+05:30,DIVISLAB.NS,Divi's Laboratories Ltd.,61.61758041381836,0.0,,0.0,False,True,invalid_ohlc
2003-12-25 00:00:00+05:30,GRASIM.NS,Grasim Industries Ltd.,120.5628662109375,0.0,,0.0,False,True,invalid_ohlc
2003-12-25 00:00:00+05:30,TATASTEEL.NS,Tata Steel Ltd.,89.24463653564453,5.997301568691258,,0.0,True,True,spike_reversal
2003-12-26 00:00:00+05:30,CIPLA.NS,Cipla Ltd.,88.08049774169922,11.702658940377995,,0.0,True,False,ok
2003-12-26 00:00:00+05:30,TATASTEEL.NS,Tata Steel Ltd.,13.152864456176758,-0.8526201129081469,,0.0,True,False,ok
2004-01-26 00:00:00+05:30,ASIANPAINT.NS,Asian Paints Ltd.,26.215551376342773,0.0,,0.0,False,True,invalid_ohlc
2004-01-26 00:00:00+05:30,ITC.NS,ITC Ltd.,12.198688507080078,0.0,,0.0,False,True,invalid_ohlc
2004-02-02 00:00:00+05:30,HDFCBANK.NS,HDFC Bank Ltd.,14.52267837524414,0.0,,0.0,False,True,invalid_ohlc
2004-02-02 00:00:00+05:30,TATASTEEL.NS,Tata Steel Ltd.,12.603665351867676,0.0,,0.0,False,True,invalid_ohlc
2004-03-02 00:00:00+05:30,ITC.NS,ITC Ltd.,13.522542953491213,0.0,,0.0,False,True,invalid_ohlc
2004-04-26 00:00:00+05:30,CIPLA.NS,Cipla Ltd.,7.12070369720459,-0.9199984781001135,,0.0,True,True,spike_reversal
2004-04-26 00:00:00+05:30,KOTAKBANK.NS,Kotak Mahindra Bank Ltd.,18.72047615051269,3.814351247765174,,0.0,True,True,spike_reversal
2004-04-26 00:00:00+05:30,TATASTEEL.NS,Tata Steel Ltd.,88.97431945800781,5.997386489758589,,0.0,True,False,ok
2004-04-27 00:00:00+05:30,CIPLA.NS,Cipla Ltd.,91.91336059570312,11.907904120738237,,0.0,True,False,ok
2004-04-27 00:00:00+05:30,KOTAKBANK.NS,Kotak Mahindra Bank Ltd.,3.706178188323975,-0.8020254314833506,,0.0,True,False,ok
2004-04-27 00:00:00+05:30,TATASTEEL.NS,Tata Steel Ltd.,11.770553588867188,-0.8677084167592606,,0.0,True,False,ok
2004-05-06 00:00:00+05:30,TCS.NS,Tata Consultancy Services Ltd.,75.39519500732422,2.0188853718825603,,0.0,True,False,ok
2004-05-11 00:00:00+05:30,CIPLA.NS,Cipla Ltd.,435.7867126464844,3.861169020566897,5.0,0.0,True,False,ok
2004-05-12 00:00:00+05:30,CIPLA.NS,Cipla Ltd.,89.2225112915039,-0.7952610561490838,,0.0,True,False,ok
2004-05-19 00:00:00+05:30,LT.NS,Larsen & Toubro Ltd.,40.77852249145508,-0.4511418827533751,0.5,0.0,True,False,ok
2004-06-28 00:00:00+05:30,ADANIENT.NS,Adani Enterprises Ltd.,2.8402698040008545,1.0943715463967547,,1.93897,True,False,ok
2004-08-24 00:00:00+05:30,ULTRACEMCO.NS,UltraTech Cement Ltd.,236.3235321044922,-0.7563784531681641,,0.0,True,False,ok
2004-10-13 00:00:00+05:30,KOTAKBANK.NS,Kotak Mahindra Bank Ltd.,17.07187843322754,3.704692172458877,,0.0,True,True,spike_reversal
2004-10-14 00:00:00+05:30,KOTAKBANK.NS,Kotak Mahindra Bank Ltd.,3.6022698879241943,-0.7889939351423109,,0.0,True,False,ok
2004-10-22 00:00:00+05:30,HEROMOTOCO.NS,Hero MotoCorp Ltd.,218.5458068847656,0.0,,0.0,False,True,invalid_ohlc
2004-11-26 00:00:00+05:30,ITC.NS,ITC Ltd.,15.414426803588867,0.0,,0.0,False,True,invalid_ohlc
2004-11-26 00:00:00+05:30,TATASTEEL.NS,Tata Steel Ltd.,15.002545356750488,0.0,,0.0,False,True,invalid_ohlc
2005-05-19 00:00:00+05:30,NTPC.NS,NTPC Ltd.,37.16694641113281,-0.004149151965833875,,0.0,False,True,invalid_ohlc
2005-07-28 00:00:00+05:30,ADANIENT.NS,Adani Enterprises Ltd.,6.984277725219727,0.8351949642776977,,0.0,True,True,invalid_ohlc;spike_reversal
2005-07-28 00:00:00+05:30,BAJFINANCE.NS,Bajaj Finance Ltd.,254.50665283203125,108.4930703066494,,0.0,True,True,invalid_ohlc;spike_reversal
2005-07-28 00:00:00+05:30,BPCL.NS,Bharat Petroleum Corporation Ltd.,78.58023071289062,4.9999994174570075,,0.0,True,True,spike_reversal
2005-07-28 00:00:00+05:30,DRREDDY.NS,Dr. Reddy's Laboratories Ltd.,354.7704772949219,3.9999995698969126,,0.0,True,True,spike_reversal
2005-07-28 00:00:00+05:30,EICHERMOT.NS,Eicher Motors Ltd.,230.5657958984375,9.00000248174162,,0.0,True,True,spike_reversal
2005-07-28 00:00:00+05:30,GRASIM.NS,Grasim Industries Ltd.,970.0340576171876,5.480751280916838,,0.0,True,True,spike_reversal
2005-07-28 00:00:00+05:30,HINDUNILVR.NS,Hindustan Unilever Ltd.,106.66043853759766,0.0,,0.0,False,True,invalid_ohlc
2005-07-28 00:00:00+05:30,KOTAKBANK.NS,Kotak Mahindra Bank Ltd.,40.4797477722168,3.7942341005680085,,0.0,True,True,spike_reversal
2005-07-28 00:00:00+05:30,M&M.NS,Mahindra & Mahindra Ltd.,128.8116455078125,1.0140595038417928,,0.0,True,True,spike_reversal
2005-07-28 00:00:00+05:30,ONGC.NS,Oil & Natural Gas Corporation Ltd.,67.3702621459961,0.5000004671387825,,0.0,True,True,spike_reversal
2005-07-28 00:00:00+05:30,RELIANCE.NS,Reliance Industries Ltd.,187.95782470703125,3.374775898466023,,0.0,True,True,spike_reversal
2005-07-28 00:00:00+05:30,SBIN.NS,State Bank of India,56.7357292175293,0.0,,0.0,False,True,invalid_ohlc
2005-07-28 00:00:00+05:30,TCS.NS,Tata Consultancy Services Ltd.,210.83187866210935,1.0,,0.0,True,True,spike_reversal
2005-07-29 00:00:00+05:30,ADANIENT.NS,Adani Enterprises Ltd.,3.727600336074829,-0.4662869257597344,,0.0,True,False,ok
2005-07-29 00:00:00+05:30,BAJFINANCE.NS,Bajaj Finance Ltd.,2.326698303222656,-0.9908580059604248,,0.0,True,False,ok
2005-07-29 00:00:00+05:30,BPCL.NS,Bharat Petroleum Corporation Ltd.,13.32201099395752,-0.8304661252187935,,0.0,True,False,ok
2005-07-29 00:00:00+05:30,DRREDDY.NS,Dr. Reddy's Laboratories Ltd.,73.32301330566406,-0.7933226748044472,,0.0,True,False,ok
2005-07-29 00:00:00+05:30,EICHERMOT.NS,Eicher Motors Ltd.,22.939424514770508,-0.9005081199256669,,0.0,True,False,ok
2005-07-29 00:00:00+05:30,GRASIM.NS,Grasim Industries Ltd.,149.91500854492188,-0.8454538710597684,,0.0,True,False,ok
2005-07-29 00:00:00+05:30,KOTAKBANK.NS,Kotak Mahindra Bank Ltd.,8.36587905883789,-0.7933317394685004,,0.0,True,False,ok
2005-07-29 00:00:00+05:30,M&M.NS,Mahindra & Mahindra Ltd.,66.59030151367188,-0.48304129451064937,,0.0,True,False,ok
2005-07-29 00:00:00+05:30,ONGC.NS,Oil & Natural Gas Corporation Ltd.,43.4908332824707,-0.35445058550873665,,0.0,True,False,ok
2005-07-29 00:00:00+05:30,RELIANCE.NS,Reliance Industries Ltd.,43.24063491821289,-0.7699450130069774,,0.0,True,False,ok
2005-07-29 00:00:00+05:30,TCS.NS,Tata Consultancy Services Ltd.,104.12747192382812,-0.5061113500263947,,0.0,True,False,ok
2005-11-04 00:00:00+05:30,ITC.NS,ITC Ltd.,23.150251388549805,0.0,,0.0,False,True,invalid_ohlc
2005-11-04 00:00:00+05:30,TCS.NS,Tata Consultancy Services Ltd.,117.7926025390625,0.0,,0.0,False,True,invalid_ohlc
2006-06-13 00:00:00+05:30,ADANIENT.NS,Adani Enterprises Ltd.,7.770033359527588,-0.04970550969852083,,0.0,False,True,invalid_ohlc
2006-09-27 00:00:00+05:30,LT.NS,Larsen & Toubro Ltd.,112.99845886230467,-0.5056692919167508,,0.0,True,True,spike_reversal
2006-09-28 00:00:00+05:30,LT.NS,Larsen & Toubro Ltd.,220.4552001953125,0.9509575830936796,2.0,0.0,True,False,ok
2008-03-14 00:00:00+05:30,BAJAJFINSV.NS,Bajaj Finserv Ltd.,758.62890625,-0.6378505130368706,,0.0,True,False,ok
2008-05-26 00:00:00+05:30,BAJAJ-AUTO.NS,Bajaj Auto Ltd.,189.3924560546875,-0.42433556848886156,,0.0,True,False,ok
2008-05-26 00:00:00+05:30,BAJAJFINSV.NS,Bajaj Finserv Ltd.,48.5759391784668,-0.9264826759509669,,0.0,True,False,ok
2008-10-29 00:00:00+05:30,HINDALCO.NS,Hindalco Industries Ltd.,46.172340393066406,0.31559404433963567,,0.0,True,False,ok
2008-10-31 00:00:00+05:30,JSWSTEEL.NS,JSW Steel Ltd.,25.61492919921875,0.3371076136856592,,0.0,True,False,ok
2008-11-27 00:00:00+05:30,BAJAJ-AUTO.NS,Bajaj Auto Ltd.,107.34715270996094,0.0,,0.0,False,True,invalid_ohlc
2009-04-30 00:00:00+05:30,GRASIM.NS,Grasim Industries Ltd.,241.7904357910156,0.010441111785192803,,0.0,False,True,invalid_ohlc
2009-04-30 00:00:00+05:30,HEROMOTOCO.NS,Hero MotoCorp Ltd.,687.75146484375,0.0019025097355025444,,0.0,False,True,invalid_ohlc
2009-04-30 00:00:00+05:30,NTPC.NS,NTPC Ltd.,91.8703384399414,0.0,,0.0,False,True,invalid_ohlc
2009-04-30 00:00:00+05:30,TECHM.NS,Tech Mahindra Ltd.,56.83243560791016,0.0,,0.0,False,True,invalid_ohlc
2009-10-13 00:00:00+05:30,HEROMOTOCO.NS,Hero MotoCorp Ltd.,962.0823364257812,0.0022683801101819334,,0.0,False,True,invalid_ohlc
2010-01-08 00:00:00+05:30,NESTLEIND.NS,Nestle India Ltd.,103.61454010009766,-0.7633384012724589,,0.0,True,False,ok
2014-04-24 00:00:00+05:30,ONGC.NS,Oil & Natural Gas Corporation Ltd.,124.08626556396484,0.0,,0.0,False,True,invalid_ohlc
2015-06-03 00:00:00+05:30,ADANIENT.NS,Adani Enterprises Ltd.,56.344425201416016,-0.38749253148553187,,0.0,True,False,ok
2020-03-26 00:00:00+05:30,INDUSINDBK.NS,IndusInd Bank Ltd.,420.9503784179688,0.4467307049896718,,0.0,True,False,ok
