Combination,model__n_estimators,model__max_depth,model__min_samples_leaf,model__max_features,model__class_weight,Mean_CV_PR_AUC,Std_CV_PR_AUC,Mean_CV_ROC_AUC,Valid_Folds
50,500,4.0,3,sqrt,balanced_subsample,0.14704908497332075,0.08780641760199885,0.5884187532714671,4
52,500,4.0,5,sqrt,balanced_subsample,0.14589796899357105,0.09174777836667729,0.5887132133545747,4
2,500,4.0,3,sqrt,balanced,0.14585874194980558,0.08845679459876225,0.586766798339254,4
53,300,4.0,10,sqrt,balanced_subsample,0.1452597759853146,0.09197322705404157,0.5893039562528166,4
51,300,4.0,5,sqrt,balanced_subsample,0.14491109285147305,0.09330328389703178,0.5868323466844954,4
5,300,4.0,10,sqrt,balanced,0.14423556458703865,0.09074816678794652,0.5896386012724857,4
4,500,4.0,5,sqrt,balanced,0.1435311328265228,0.09067191521723544,0.5888799474600546,4
6,500,4.0,10,sqrt,balanced,0.14201154452690098,0.094623451392858,0.5923464504109971,4
54,500,4.0,10,sqrt,balanced_subsample,0.1417565718780727,0.09408869287323743,0.5903386410006077,4
3,300,4.0,5,sqrt,balanced,0.14104844107216324,0.08979909094594782,0.5869907819985088,4
49,300,4.0,3,sqrt,balanced_subsample,0.14039187558142746,0.08786217828328935,0.5841059970507121,4
1,300,4.0,3,sqrt,balanced,0.14002331955472574,0.08821010520287238,0.5813892085437683,4
63,300,6.0,5,sqrt,balanced_subsample,0.13322339669021244,0.09297538042267811,0.5765079078793615,4
26,500,8.0,3,sqrt,balanced,0.13270693730366073,0.09593347996788339,0.572628426038132,4
65,300,6.0,10,sqrt,balanced_subsample,0.13245938647500485,0.09834039604091904,0.5755419845433103,4
66,500,6.0,10,sqrt,balanced_subsample,0.13231364163928974,0.09954917418414819,0.5703388173617503,4
17,300,6.0,10,sqrt,balanced,0.13226153222726256,0.09981907359268795,0.585074242605552,4
16,500,6.0,5,sqrt,balanced,0.13216371617340245,0.09489906886193335,0.5829525978887071,4
14,500,6.0,3,sqrt,balanced,0.13165386232137324,0.09493600703240479,0.5727050583659186,4
62,500,6.0,3,sqrt,balanced_subsample,0.13120813388585123,0.08885216201251478,0.5668710342557126,4
13,300,6.0,3,sqrt,balanced,0.13071416589552837,0.09821415448835415,0.5751114377119101,4
18,500,6.0,10,sqrt,balanced,0.130650931657603,0.10109170289827485,0.5738252405545922,4
15,300,6.0,5,sqrt,balanced,0.13063866329433602,0.09366875531695039,0.5882439832481942,4
61,300,6.0,3,sqrt,balanced_subsample,0.13036983605880867,0.08725156586711777,0.566976908130306,4
27,300,8.0,5,sqrt,balanced,0.130116340075706,0.09401227816213104,0.5696251900711703,4
64,500,6.0,5,sqrt,balanced_subsample,0.13000486346450385,0.09673896430441446,0.568032516679532,4
28,500,8.0,5,sqrt,balanced,0.1297213762335042,0.09575789846365261,0.5680480032055685,4
25,300,8.0,3,sqrt,balanced,0.12943494402377845,0.09907738827506009,0.5753912669558754,4
76,500,8.0,5,sqrt,balanced_subsample,0.12827301695830412,0.09575614689752368,0.5711974949494264,4
30,500,8.0,10,sqrt,balanced,0.12790359057974943,0.10318797280755947,0.5706373987811364,4
77,300,8.0,10,sqrt,balanced_subsample,0.1278231849933656,0.10040380453373819,0.559860239812612,4
29,300,8.0,10,sqrt,balanced,0.1277908375053648,0.1014807995985131,0.5692241497122165,4
39,300,,5,sqrt,balanced,0.12719094916160484,0.09786643269471479,0.5618320736289061,4
74,500,8.0,3,sqrt,balanced_subsample,0.12692165452106688,0.0940896890989149,0.5607425354593657,4
75,300,8.0,5,sqrt,balanced_subsample,0.12685910019405983,0.0958631540988371,0.5638663220233048,4
78,500,8.0,10,sqrt,balanced_subsample,0.12632327782127162,0.10184698313152604,0.5606255333242622,4
40,500,,5,sqrt,balanced,0.12539542606146825,0.09983945124593455,0.5612423184660256,4
73,300,8.0,3,sqrt,balanced_subsample,0.12517576370690134,0.09705632126258405,0.5591150891884005,4
68,500,6.0,3,0.7,balanced_subsample,0.12382043554093904,0.10093476947258616,0.5550431228474938,4
37,300,,3,sqrt,balanced,0.12351138955066983,0.0999089463899668,0.5455376427181666,4
32,500,8.0,3,0.7,balanced,0.12281605676479053,0.09688650578606171,0.560442133120345,4
70,500,6.0,5,0.7,balanced_subsample,0.12257361878003314,0.09971444186750203,0.5446179747614547,4
23,300,6.0,10,0.7,balanced,0.12230981803983146,0.10019013234958372,0.5362596450051214,4
24,500,6.0,10,0.7,balanced,0.12224399210670826,0.09944935732518526,0.5324748768658897,4
20,500,6.0,3,0.7,balanced,0.12220449810683032,0.10002022708997027,0.5513005811114451,4
90,500,,10,sqrt,balanced_subsample,0.12220097893550874,0.10430038136555095,0.5457079682548192,4
38,500,,3,sqrt,balanced,0.12219000142492908,0.10241126690754618,0.5368027196242674,4
42,500,,10,sqrt,balanced,0.12213098936700376,0.10796017747110609,0.5452197237086758,4
22,500,6.0,5,0.7,balanced,0.12178258642240647,0.09927463304938526,0.5425740422978648,4
89,300,,10,sqrt,balanced_subsample,0.12152915733072964,0.10571125523953596,0.541007544683438,4
88,500,,5,sqrt,balanced_subsample,0.1215127013861006,0.1018212096594573,0.5460161315821146,4
31,300,8.0,3,0.7,balanced,0.12144494176737677,0.09570117828280555,0.5623705226658869,4
85,300,,3,sqrt,balanced_subsample,0.12139847389181274,0.10203917081418312,0.5498765554568678,4
67,300,6.0,3,0.7,balanced_subsample,0.12106108922148047,0.10064407356879054,0.5579327865750541,4
69,300,6.0,5,0.7,balanced_subsample,0.1209777149371338,0.10068008281909847,0.544462601865681,4
19,300,6.0,3,0.7,balanced,0.12072942470187456,0.09891939892598833,0.5567067668768956,4
34,500,8.0,5,0.7,balanced,0.12070713344264626,0.09565661276279766,0.5465263114400998,4
72,500,6.0,10,0.7,balanced_subsample,0.1204530099475576,0.10016317986221643,0.5313875056854388,4
82,500,8.0,5,0.7,balanced_subsample,0.1200948472578856,0.0982241329302889,0.5417636289826434,4
41,300,,10,sqrt,balanced,0.11992320487121097,0.10771762004439012,0.536428835256409,4
21,300,6.0,5,0.7,balanced,0.1199000017597792,0.0995123204708945,0.5440508137772232,4
59,300,4.0,10,0.7,balanced_subsample,0.11970620412530449,0.10070267487714826,0.545316276085141,4
71,300,6.0,10,0.7,balanced_subsample,0.11955332017920416,0.10024861651495157,0.534549084014021,4
58,500,4.0,5,0.7,balanced_subsample,0.11937160161026925,0.10116569286077842,0.5448301930527262,4
33,300,8.0,5,0.7,balanced,0.11924536838181428,0.09408439449737802,0.5516560506436868,4
56,500,4.0,3,0.7,balanced_subsample,0.11923690913493187,0.10213491866461552,0.5458826393059154,4
60,500,4.0,10,0.7,balanced_subsample,0.11907962535573402,0.10058082896603887,0.540961182395823,4
86,500,,3,sqrt,balanced_subsample,0.1190666729682553,0.10444727527628174,0.5381672508393495,4
83,300,8.0,10,0.7,balanced_subsample,0.11888189995750155,0.100134600530092,0.5280534559170479,4
8,500,4.0,3,0.7,balanced,0.11843482181672799,0.10124412612099493,0.5435390326690847,4
10,500,4.0,5,0.7,balanced,0.11833799933745126,0.10040741769767646,0.5404767943831275,4
57,300,4.0,5,0.7,balanced_subsample,0.11828217818032144,0.10180360112568516,0.5464894921868242,4
12,500,4.0,10,0.7,balanced,0.1182319816414091,0.10066403421710139,0.538008945413096,4
55,300,4.0,3,0.7,balanced_subsample,0.11820956869819065,0.10372429299932694,0.5436741962812089,4
11,300,4.0,10,0.7,balanced,0.11804378861840628,0.10112413457210613,0.5423796337136045,4
9,300,4.0,5,0.7,balanced,0.11803658144666493,0.10258884195760465,0.5442108421060166,4
7,300,4.0,3,0.7,balanced,0.11791577462010616,0.1032254656715425,0.5440655119426566,4
87,300,,5,sqrt,balanced_subsample,0.1178288402722506,0.10568188396802522,0.5308911794308032,4
80,500,8.0,3,0.7,balanced_subsample,0.11767581200214186,0.09707630667700805,0.543274113212835,4
81,300,8.0,5,0.7,balanced_subsample,0.11725289540777442,0.0986881523955278,0.5398952454527278,4
35,300,8.0,10,0.7,balanced,0.11695511816780803,0.1030066858196073,0.5289092228170122,4
79,300,8.0,3,0.7,balanced_subsample,0.11641443392974693,0.09479880560179087,0.5460770910677325,4
44,500,,3,0.7,balanced,0.11595252287304081,0.1035274263104139,0.5320657979671372,4
36,500,8.0,10,0.7,balanced,0.11564285372907392,0.10500569270066566,0.5206708886863795,4
43,300,,3,0.7,balanced,0.11550506760321602,0.1038780762544507,0.5254807951025363,4
84,500,8.0,10,0.7,balanced_subsample,0.11535741400858,0.10367770861705432,0.5184841854105717,4
93,300,,5,0.7,balanced_subsample,0.11484254024566204,0.10089602459644653,0.5170904330553105,4
94,500,,5,0.7,balanced_subsample,0.1145894882465366,0.10077376518054404,0.5233002719668223,4
46,500,,5,0.7,balanced,0.11405385539894883,0.10025806609182632,0.5271031299876867,4
48,500,,10,0.7,balanced,0.11393851876872389,0.10650015178256919,0.5118280427721464,4
47,300,,10,0.7,balanced,0.11385264782622355,0.10517934619784722,0.510954889225232,4
92,500,,3,0.7,balanced_subsample,0.11325807858221304,0.103751188957839,0.5174909226321868,4
95,300,,10,0.7,balanced_subsample,0.1130294597237606,0.1041919336303801,0.5072218700274173,4
45,300,,5,0.7,balanced,0.11243039660579145,0.09968747915586533,0.5188030431287501,4
91,300,,3,0.7,balanced_subsample,0.11236374046641416,0.10242502229304279,0.5054808454805865,4
96,500,,10,0.7,balanced_subsample,0.11225512633586121,0.10643320609627106,0.5007557745618663,4
