Combination,Fold,CV_PR_AUC,CV_ROC_AUC,model__class_weight,model__max_depth,model__max_features,model__min_samples_leaf,model__n_estimators
1,1,0.2659138822726289,0.5965098862921308,balanced,4.0,sqrt,3,300
1,2,0.09022583886698379,0.4994842944210032,balanced,4.0,sqrt,3,300
1,3,0.06942092999437849,0.5584692493008059,balanced,4.0,sqrt,3,300
1,4,0.13453262708491176,0.6710934041611333,balanced,4.0,sqrt,3,300
2,1,0.2687402356194735,0.6019692820362836,balanced,4.0,sqrt,3,500
2,2,0.09088297139462745,0.5015096108766995,balanced,4.0,sqrt,3,500
2,3,0.07288009992895092,0.574225348212555,balanced,4.0,sqrt,3,500
2,4,0.15093166085617038,0.6693629522314781,balanced,4.0,sqrt,3,500
3,1,0.27013057586134503,0.6046812545975024,balanced,4.0,sqrt,5,300
3,2,0.09167864977152243,0.5051476793248945,balanced,4.0,sqrt,5,300
3,3,0.0702485499559675,0.5640628028687731,balanced,4.0,sqrt,5,300
3,4,0.13213598869981802,0.6740713912028653,balanced,4.0,sqrt,5,300
4,1,0.2731157050840979,0.6105926457685251,balanced,4.0,sqrt,5,500
4,2,0.09211104918301677,0.5067791842475386,balanced,4.0,sqrt,5,500
4,3,0.07148558605863586,0.5683825769113615,balanced,4.0,sqrt,5,500
4,4,0.1374121909803407,0.6697653829127932,balanced,4.0,sqrt,5,500
5,1,0.2734793154806658,0.6084478831547507,balanced,4.0,sqrt,10,300
5,2,0.09273266479419515,0.509929676511955,balanced,4.0,sqrt,10,300
5,3,0.07125228567419592,0.57322847727965,balanced,4.0,sqrt,10,300
5,4,0.13947799239909778,0.6669483681435873,balanced,4.0,sqrt,10,300
6,1,0.2808414786871348,0.6206517596802353,balanced,4.0,sqrt,10,500
6,2,0.09240095984483343,0.5092920768870136,balanced,4.0,sqrt,10,500
6,3,0.07346668889854281,0.5815080441946114,balanced,4.0,sqrt,10,500
6,4,0.12133705067709291,0.6579339208821281,balanced,4.0,sqrt,10,500
7,1,0.2717763020855253,0.6011096044596881,balanced,4.0,0.7,3,300
7,2,0.08290137630910317,0.46276605719643693,balanced,4.0,0.7,3,300
7,3,0.05687730284844834,0.48688837814637387,balanced,4.0,0.7,3,300
7,4,0.06010811723734783,0.6254980079681275,balanced,4.0,0.7,3,300
8,1,0.26941278447275985,0.5967890599381387,balanced,4.0,0.7,3,500
8,2,0.08304155237319061,0.46481012658227855,balanced,4.0,0.7,3,500
8,3,0.05716541899655811,0.48633456096142663,balanced,4.0,0.7,3,500
8,4,0.06411953142440338,0.6262223831944947,balanced,4.0,0.7,3,500
9,1,0.270806704379756,0.5977107761027359,balanced,4.0,0.7,5,300
9,2,0.08434917407300505,0.4715799343647445,balanced,4.0,0.7,5,300
9,3,0.05631427965663287,0.4815717331708803,balanced,4.0,0.7,5,300
9,4,0.0606761676772658,0.6259809247857057,balanced,4.0,0.7,5,300
10,1,0.2680844608255906,0.5935010147740466,balanced,4.0,0.7,5,500
10,2,0.08271071588792961,0.46134083450539143,balanced,4.0,0.7,5,500
10,3,0.05680352854144804,0.48229169551131174,balanced,4.0,0.7,5,500
10,4,0.06575329209483674,0.6247736327417602,balanced,4.0,0.7,5,500
11,1,0.2689910580981945,0.5970061949961447,balanced,4.0,0.7,10,300
11,2,0.08106106582430729,0.45295827473042666,balanced,4.0,0.7,10,300
11,3,0.05709207705548543,0.4861684158059425,balanced,4.0,0.7,10,300
11,4,0.06503095349563792,0.6333856493219043,balanced,4.0,0.7,10,300
12,1,0.268514723800674,0.5947905311389398,balanced,4.0,0.7,10,500
12,2,0.08095944786228744,0.4524519456165026,balanced,4.0,0.7,10,500
12,3,0.05725779531404549,0.4842854373771218,balanced,4.0,0.7,10,500
12,4,0.06619595958862953,0.6205078675198197,balanced,4.0,0.7,10,500
13,1,0.2770219197984354,0.6096354789822127,balanced,6.0,sqrt,3,300
13,2,0.09241351718696061,0.5088795124238161,balanced,6.0,sqrt,3,300
13,3,0.06593113057084259,0.5594107385152162,balanced,6.0,sqrt,3,300
13,4,0.0874900960258749,0.6225200209263955,balanced,6.0,sqrt,3,300
14,1,0.2729528325770303,0.6025542172945858,balanced,6.0,sqrt,3,500
14,2,0.09220574045789737,0.5079418659165494,balanced,6.0,sqrt,3,500
14,3,0.06787959925162962,0.565973472156841,balanced,6.0,sqrt,3,500
14,4,0.09357727699893567,0.6143506780956981,balanced,6.0,sqrt,3,500
15,1,0.2706928002426716,0.603821577020907,balanced,6.0,sqrt,5,300
15,2,0.0944341136704208,0.5161931551804969,balanced,6.0,sqrt,5,300
15,3,0.07744736176790253,0.6206629191703819,balanced,6.0,sqrt,5,300
15,4,0.07998037749634913,0.6122982816209908,balanced,6.0,sqrt,5,300
16,1,0.27411795800519073,0.6088910159261919,balanced,6.0,sqrt,5,500
16,2,0.09319756368348715,0.5119924988279418,balanced,6.0,sqrt,5,500
16,3,0.07593370668334366,0.6074820701686374,balanced,6.0,sqrt,5,500
16,4,0.08540563632158818,0.6034448066320576,balanced,6.0,sqrt,5,500
17,1,0.2813510451318783,0.6201465883207927,balanced,6.0,sqrt,10,300
17,2,0.09479481029993568,0.5175621190811064,balanced,6.0,sqrt,10,300
17,3,0.08034118517139202,0.615401655913383,balanced,6.0,sqrt,10,300
17,4,0.07255908830584427,0.5871866071069259,balanced,6.0,sqrt,10,300
18,1,0.2817688844258089,0.6208733260659559,balanced,6.0,sqrt,10,500
18,2,0.09209980946813617,0.5080543834974215,balanced,6.0,sqrt,10,500
18,3,0.07411568266612242,0.587516960651289,balanced,6.0,sqrt,10,500
18,4,0.07461935007034454,0.5788562920037024,balanced,6.0,sqrt,10,500
19,1,0.2684748432348381,0.5934389761860448,balanced,6.0,0.7,3,300
19,2,0.08370601979397893,0.46771683075480547,balanced,6.0,0.7,3,300
19,3,0.06897529275458357,0.5666934344972725,balanced,6.0,0.7,3,300
19,4,0.061761543024097615,0.5989778260694595,balanced,6.0,0.7,3,300
20,1,0.27170030124160727,0.5962351439738375,balanced,6.0,0.7,3,500
20,2,0.08424527850409458,0.4704735114861697,balanced,6.0,0.7,3,500
20,3,0.06542743465530189,0.542131642344862,balanced,6.0,0.7,3,500
20,4,0.06744497802631753,0.5963620266409111,balanced,6.0,0.7,3,500
21,1,0.2684293896796418,0.5937314438151959,balanced,6.0,0.7,5,300
21,2,0.08437686773675449,0.4706985466479137,balanced,6.0,0.7,5,300
21,3,0.0635129350132807,0.5374241962728104,balanced,6.0,0.7,5,300
21,4,0.06328081460943984,0.5743490683729728,balanced,6.0,0.7,5,300
22,1,0.26999637039939606,0.5961908306966933,balanced,6.0,0.7,5,500
22,2,0.08406657286011136,0.469535864978903,balanced,6.0,0.7,5,500
22,3,0.06054804218066473,0.5107025170991055,balanced,6.0,0.7,5,500
22,4,0.07251936024945375,0.5938669564167572,balanced,6.0,0.7,5,500
23,1,0.2721256112261038,0.600413886008526,balanced,6.0,0.7,10,300
23,2,0.08091828262667293,0.45254571026722923,balanced,6.0,0.7,10,300
23,3,0.06184281377620608,0.5106471353806108,balanced,6.0,0.7,10,300
23,4,0.07435256453034303,0.5814318483641192,balanced,6.0,0.7,10,300
24,1,0.2706691244921544,0.5980076750596014,balanced,6.0,0.7,10,500
24,2,0.08227706704784983,0.4610032817627754,balanced,6.0,0.7,10,500
24,3,0.05902718499283892,0.4931188214770304,balanced,6.0,0.7,10,500
24,4,0.07700259189398988,0.5777697291641515,balanced,6.0,0.7,10,500
25,1,0.2769542877037814,0.6096088910159262,balanced,8.0,sqrt,3,300
25,2,0.09719708770730737,0.5301640881387717,balanced,8.0,sqrt,3,300
25,3,0.07060260515347407,0.5834187134826794,balanced,8.0,sqrt,3,300
25,4,0.07298579553055096,0.5783733751861242,balanced,8.0,sqrt,3,300
26,1,0.27580665932494314,0.6082794927016032,balanced,8.0,sqrt,3,500
26,2,0.09655449342633676,0.5265072667604314,balanced,8.0,sqrt,3,500
26,3,0.07194262116528737,0.5880984686954837,balanced,8.0,sqrt,3,500
26,4,0.08652397529807572,0.5676284759950099,balanced,8.0,sqrt,3,500
27,1,0.2706705561320927,0.597679756808735,balanced,8.0,sqrt,5,300
27,2,0.0936790972708656,0.5156680731364275,balanced,8.0,sqrt,5,300
27,3,0.08046544163375594,0.6133802231883254,balanced,8.0,sqrt,5,300
27,4,0.07565026526610974,0.5517727071511933,balanced,8.0,sqrt,5,300
28,1,0.27298630501756566,0.6034227575266101,balanced,8.0,sqrt,5,500
28,2,0.0916824177144559,0.507248007501172,balanced,8.0,sqrt,5,500
28,3,0.07652927077549945,0.6048791293993852,balanced,8.0,sqrt,5,500
28,4,0.07768751142649574,0.5566421183951065,balanced,8.0,sqrt,5,500
29,1,0.27904591230314074,0.614190883872626,balanced,8.0,sqrt,10,300
29,2,0.09296110255689469,0.5120300046882326,balanced,8.0,sqrt,10,300
29,3,0.07321273036639021,0.5960457452994766,balanced,8.0,sqrt,10,300
29,4,0.06594360479503358,0.5546299649885307,balanced,8.0,sqrt,10,300
30,1,0.281611893078419,0.6182942933361695,balanced,8.0,sqrt,10,500
30,2,0.09240050142516287,0.5092545710267229,balanced,8.0,sqrt,10,500
30,3,0.07473079710037142,0.6035499681555119,balanced,8.0,sqrt,10,500
30,4,0.06287117071504442,0.5514507626061412,balanced,8.0,sqrt,10,500
31,1,0.2643221572448401,0.5894552125707904,balanced,8.0,0.7,3,300
31,2,0.08575117907510098,0.4771495546179091,balanced,8.0,0.7,3,300
31,3,0.0725466629854823,0.5867969983108576,balanced,8.0,0.7,3,300
31,4,0.06315976776408375,0.5960803251639906,balanced,8.0,0.7,3,300
32,1,0.2676925787780802,0.5939840294949172,balanced,8.0,0.7,3,500
32,2,0.08532119202999153,0.4747679324894514,balanced,8.0,0.7,3,500
32,3,0.06862356179618997,0.567801068867167,balanced,8.0,0.7,3,500
32,4,0.0696268944549004,0.6052155016298443,balanced,8.0,0.7,3,500
33,1,0.25974235988780275,0.5861715987344128,balanced,8.0,0.7,5,300
33,2,0.08412915681737379,0.46854195968120027,balanced,8.0,0.7,5,300
33,3,0.07046090572717989,0.5637582034170521,balanced,8.0,0.7,5,300
33,4,0.0626490510949007,0.5881524407420822,balanced,8.0,0.7,5,300
34,1,0.26378087208832246,0.5920918525608642,balanced,8.0,0.7,5,500
34,2,0.08313758066052535,0.4638349742147211,balanced,8.0,0.7,5,500
34,3,0.06664544284558518,0.5391687204053942,balanced,8.0,0.7,5,500
34,4,0.06926463817615205,0.5910096985794197,balanced,8.0,0.7,5,500
35,1,0.27030673310312825,0.597657600170163,balanced,8.0,0.7,10,300
35,2,0.08204380618562021,0.4596155649320206,balanced,8.0,0.7,10,300
35,3,0.0641209584393801,0.523412621493645,balanced,8.0,0.7,10,300
35,4,0.051348974943103566,0.5349511046722202,balanced,8.0,0.7,10,300
36,1,0.27174970382253627,0.6000283604973723,balanced,8.0,0.7,10,500
36,2,0.08222529909576362,0.4609845288326301,balanced,8.0,0.7,10,500
36,3,0.06005030494688816,0.4982693212970398,balanced,8.0,0.7,10,500
36,4,0.04854610705110764,0.5234013441184756,balanced,8.0,0.7,10,500
37,1,0.27096921749080005,0.5991243696436326,balanced,,sqrt,3,300
37,2,0.09620447123706738,0.5262259728082513,balanced,,sqrt,3,300
37,3,0.07433991005863501,0.5567801068867168,balanced,,sqrt,3,300
37,4,0.05253195941617686,0.5000201215340657,balanced,,sqrt,3,300
38,1,0.2738039967007244,0.6052218765786604,balanced,,sqrt,3,500
38,2,0.09478014130133167,0.5205438349742147,balanced,,sqrt,3,500
38,3,0.06261431257035938,0.5168775787112674,balanced,,sqrt,3,500
38,4,0.057561555127300865,0.5045675882329269,balanced,,sqrt,3,500
39,1,0.27351690277076035,0.6051687006460875,balanced,,sqrt,5,300
39,2,0.08948130332190692,0.49618377871542424,balanced,,sqrt,5,300
39,3,0.07373798515300906,0.567884141444909,balanced,,sqrt,5,300
39,4,0.07202760540074303,0.5780916737092037,balanced,,sqrt,5,300
40,1,0.27399396829873235,0.6056029707620997,balanced,,sqrt,5,500
40,2,0.09178301901226953,0.5080356305672762,balanced,,sqrt,5,500
40,3,0.0742867836507633,0.5835017860604215,balanced,,sqrt,5,500
40,4,0.061517933284107845,0.5478288864743048,balanced,,sqrt,5,500
41,1,0.27862544761856145,0.6137832017229001,balanced,,sqrt,10,300
41,2,0.09049853707633318,0.49955930614158467,balanced,,sqrt,10,300
41,3,0.06943889342570106,0.5628167142026418,balanced,,sqrt,10,300
41,4,0.04112994136424819,0.4695561189585094,balanced,,sqrt,10,300
42,1,0.28150880643402054,0.6183917825458863,balanced,,sqrt,10,500
42,2,0.09035905846601652,0.499521800281294,balanced,,sqrt,10,500
42,3,0.07271249101509945,0.5777143964777227,balanced,,sqrt,10,500
42,4,0.04394360155287853,0.48525091552979993,balanced,,sqrt,10,500
43,1,0.26820289003641384,0.5968643925092836,balanced,,0.7,3,300
43,2,0.08781148592893803,0.4894514767932489,balanced,,0.7,3,300
43,3,0.06842005838845064,0.5460914352172348,balanced,,0.7,3,300
43,4,0.03758583605906157,0.46951587589037796,balanced,,0.7,3,300
44,1,0.26871387221288157,0.5973518385578687,balanced,,0.7,3,500
44,2,0.08740186777336857,0.48540084388185656,balanced,,0.7,3,500
44,3,0.06585687922167141,0.5315260432531221,balanced,,0.7,3,500
44,4,0.041837472284241714,0.5139844661757013,balanced,,0.7,3,500
45,1,0.25956027778870083,0.5874611150993061,balanced,,0.7,5,300
45,2,0.08458513642253992,0.4725363338021566,balanced,,0.7,5,300
45,3,0.06453137453525759,0.5106471353806109,balanced,,0.7,5,300
45,4,0.041044797676667424,0.5045675882329269,balanced,,0.7,5,300
46,1,0.26260402576973185,0.5923488695683,balanced,,0.7,5,500
46,2,0.08419336809438183,0.4713361462728551,balanced,,0.7,5,500
46,3,0.06344449315963957,0.5042228560352228,balanced,,0.7,5,500
46,4,0.04597353457204208,0.5405046480743692,balanced,,0.7,5,500
47,1,0.26966558997423545,0.5974271711290137,balanced,,0.7,10,300
47,2,0.08181098028326464,0.45877168307548066,balanced,,0.7,10,300
47,3,0.0625518815995975,0.487359122753579,balanced,,0.7,10,300
47,4,0.04138213944779659,0.5002615799428549,balanced,,0.7,10,300
48,1,0.2716570657779791,0.6001169870516605,balanced,,0.7,10,500
48,2,0.08225675799384691,0.4615658696671354,balanced,,0.7,10,500
48,3,0.061052677414996856,0.4910420070334782,balanced,,0.7,10,500
48,4,0.04078757388807271,0.4945873073363114,balanced,,0.7,10,500
49,1,0.26609819308924954,0.5964744356704156,balanced_subsample,4.0,sqrt,3,300
49,2,0.0907928113299395,0.505560243788092,balanced_subsample,4.0,sqrt,3,300
49,3,0.0707076887073442,0.5614044803810262,balanced_subsample,4.0,sqrt,3,300
49,4,0.13396880919917664,0.6729848283633144,balanced_subsample,4.0,sqrt,3,300
50,1,0.26705315919027195,0.6001701629842333,balanced_subsample,4.0,sqrt,3,500
50,2,0.09122709405993751,0.5049038912330052,balanced_subsample,4.0,sqrt,3,500
50,3,0.07280855631697529,0.5740868939163182,balanced_subsample,4.0,sqrt,3,500
50,4,0.1571075303260983,0.6745140649523119,balanced_subsample,4.0,sqrt,3,500
51,1,0.2776305635194887,0.6134286955057475,balanced_subsample,4.0,sqrt,5,300
51,2,0.09145552418245431,0.5073980309423347,balanced_subsample,4.0,sqrt,5,300
51,3,0.06990139770589754,0.5566970343089745,balanced_subsample,4.0,sqrt,5,300
51,4,0.14065688599805162,0.6698056259809249,balanced_subsample,4.0,sqrt,5,300
52,1,0.2754365817767956,0.6119840826708498,balanced_subsample,4.0,sqrt,5,500
52,2,0.0918215145290398,0.5076043131739334,balanced_subsample,4.0,sqrt,5,500
52,3,0.07141651087462499,0.5671087973859829,balanced_subsample,4.0,sqrt,5,500
52,4,0.14491726879382377,0.6681556601875327,balanced_subsample,4.0,sqrt,5,500
53,1,0.276653402612043,0.6114434606896919,balanced_subsample,4.0,sqrt,10,300
53,2,0.09225467353451353,0.5098546647913738,balanced_subsample,4.0,sqrt,10,300
53,3,0.0726662839734526,0.5721485337690029,balanced_subsample,4.0,sqrt,10,300
53,4,0.13946474382124918,0.6637691657611977,balanced_subsample,4.0,sqrt,10,300
54,1,0.2797897508985744,0.617478929036718,balanced_subsample,4.0,sqrt,10,500
54,2,0.09254939760664116,0.5104547585560244,balanced_subsample,4.0,sqrt,10,500
54,3,0.07348447993941778,0.575969872345139,balanced_subsample,4.0,sqrt,10,500
54,4,0.12120265906765747,0.6574510040645498,balanced_subsample,4.0,sqrt,10,500
55,1,0.2728610913024265,0.6039988301294834,balanced_subsample,4.0,0.7,3,300
55,2,0.08247428559305317,0.4601218940459447,balanced_subsample,4.0,0.7,3,300
55,3,0.05634864184918379,0.4817378783263645,balanced_subsample,4.0,0.7,3,300
55,4,0.06115425604809914,0.6288381826230431,balanced_subsample,4.0,0.7,3,300
56,1,0.27147687636150275,0.6014109347442681,balanced_subsample,4.0,0.7,3,500
56,2,0.08393461203058528,0.4703609939052977,balanced_subsample,4.0,0.7,3,500
56,3,0.05663553955582222,0.482236313792817,balanced_subsample,4.0,0.7,3,500
56,4,0.06490060859181726,0.629522314781279,balanced_subsample,4.0,0.7,3,500
57,1,0.2699416026385454,0.5996206783476465,balanced_subsample,4.0,0.7,5,300
57,2,0.0841409874152327,0.4708298171589311,balanced_subsample,4.0,0.7,5,300
57,3,0.0563254022339009,0.480713316534212,balanced_subsample,4.0,0.7,5,300
57,4,0.06272072043360681,0.6347941567065072,balanced_subsample,4.0,0.7,5,300
58,1,0.27015857975656365,0.5982159474621785,balanced_subsample,4.0,0.7,5,500
58,2,0.08404523752211471,0.47004219409282705,balanced_subsample,4.0,0.7,5,500
58,3,0.05648131597258149,0.48013180849001746,balanced_subsample,4.0,0.7,5,500
58,4,0.06680127318981714,0.6309308221658818,balanced_subsample,4.0,0.7,5,500
59,1,0.27001648781281445,0.5990667623833453,balanced_subsample,4.0,0.7,10,300
59,2,0.08149747027360076,0.456221284575715,balanced_subsample,4.0,0.7,10,300
59,3,0.05707444449107847,0.4852269265915321,balanced_subsample,4.0,0.7,10,300
59,4,0.07023641392372425,0.6407501307899715,balanced_subsample,4.0,0.7,10,300
60,1,0.2691708903554113,0.5966295321404199,balanced_subsample,4.0,0.7,10,500
60,2,0.08187196109298317,0.4595968120018753,balanced_subsample,4.0,0.7,10,500
60,3,0.056877716493204084,0.48195940520034336,balanced_subsample,4.0,0.7,10,500
60,4,0.06839793348133749,0.6256589802406536,balanced_subsample,4.0,0.7,10,500
61,1,0.25987622668848187,0.5804153040333945,balanced_subsample,6.0,sqrt,3,300
61,2,0.09235852766195295,0.5064228785747773,balanced_subsample,6.0,sqrt,3,300
61,3,0.06985633032049703,0.5610444992108106,balanced_subsample,6.0,sqrt,3,300
61,4,0.0993882595643028,0.6200249507022415,balanced_subsample,6.0,sqrt,3,300
62,1,0.26318825227607484,0.5852011379649571,balanced_subsample,6.0,sqrt,3,500
62,2,0.09287688812605274,0.5110923581809658,balanced_subsample,6.0,sqrt,3,500
62,3,0.07004793183203532,0.5737822944645973,balanced_subsample,6.0,sqrt,3,500
62,4,0.09871946330924206,0.5974083464123305,balanced_subsample,6.0,sqrt,3,500
63,1,0.27187718796490035,0.6054079923426656,balanced_subsample,6.0,sqrt,5,300
63,2,0.09262137069669704,0.5064603844350679,balanced_subsample,6.0,sqrt,5,300
63,3,0.0729549296664595,0.5929720599230195,balanced_subsample,6.0,sqrt,5,300
63,4,0.09544009843279283,0.6011911948166928,balanced_subsample,6.0,sqrt,5,300
64,1,0.2744408817426509,0.6089441918587647,balanced_subsample,6.0,sqrt,5,500
64,2,0.09198445426646024,0.5051289263947492,balanced_subsample,6.0,sqrt,5,500
64,3,0.0695229327055958,0.5715947165840556,balanced_subsample,6.0,sqrt,5,500
64,4,0.0840711851433084,0.5864622318805586,balanced_subsample,6.0,sqrt,5,500
65,1,0.2795098447401079,0.6148644456852161,balanced_subsample,6.0,sqrt,10,300
65,2,0.09320316211109003,0.5094421003281763,balanced_subsample,6.0,sqrt,10,300
65,3,0.07421407323195016,0.5889845761913992,balanced_subsample,6.0,sqrt,10,300
65,4,0.08291046581687127,0.5888768159684494,balanced_subsample,6.0,sqrt,10,300
66,1,0.2812070524503492,0.6182942933361694,balanced_subsample,6.0,sqrt,10,500
66,2,0.09058294029505218,0.49888420065635253,balanced_subsample,6.0,sqrt,10,500
66,3,0.07250766344459532,0.5837510037936477,balanced_subsample,6.0,sqrt,10,500
66,4,0.08495691036716228,0.5804257716608314,balanced_subsample,6.0,sqrt,10,500
67,1,0.27150949188062873,0.5996605602970762,balanced_subsample,6.0,0.7,3,300
67,2,0.08252391742374793,0.46021565869667136,balanced_subsample,6.0,0.7,3,300
67,3,0.06680714418257364,0.5623736604546838,balanced_subsample,6.0,0.7,3,300
67,4,0.06340380339897157,0.6094812668517848,balanced_subsample,6.0,0.7,3,300
68,1,0.2747339401890476,0.6026118245548732,balanced_subsample,6.0,0.7,3,500
68,2,0.08357594060125356,0.4652977027660572,balanced_subsample,6.0,0.7,3,500
68,3,0.06373393361151021,0.5375903414282945,balanced_subsample,6.0,0.7,3,500
68,4,0.07323792776194477,0.6146726226407502,balanced_subsample,6.0,0.7,3,500
69,1,0.2714326649818121,0.600848156124538,balanced_subsample,6.0,0.7,5,300
69,2,0.08264822240941185,0.45850914205344584,balanced_subsample,6.0,0.7,5,300
69,3,0.061953894546432395,0.5218896242350399,balanced_subsample,6.0,0.7,5,300
69,4,0.06787607781087882,0.5966034850497002,balanced_subsample,6.0,0.7,5,300
70,1,0.271535153610099,0.5986945308553349,balanced_subsample,6.0,0.7,5,500
70,2,0.08339317995757867,0.4647726207219879,balanced_subsample,6.0,0.7,5,500
70,3,0.06142529220563594,0.5162683798078254,balanced_subsample,6.0,0.7,5,500
70,4,0.07394084934681898,0.5987363676606705,balanced_subsample,6.0,0.7,5,500
71,1,0.26944017247155866,0.5962794572509815,balanced_subsample,6.0,0.7,10,300
71,2,0.0803357740531617,0.4474824191279887,balanced_subsample,6.0,0.7,10,300
71,3,0.060945804315496815,0.5091795198405007,balanced_subsample,6.0,0.7,10,300
71,4,0.06749152987659944,0.5852549398366133,balanced_subsample,6.0,0.7,10,300
72,1,0.2701497241731582,0.597289799969867,balanced_subsample,6.0,0.7,10,500
72,2,0.08075579092726351,0.45136427566807313,balanced_subsample,6.0,0.7,10,500
72,3,0.05983775347505503,0.4973555229418769,balanced_subsample,6.0,0.7,10,500
72,4,0.07106877121475366,0.5795404241619382,balanced_subsample,6.0,0.7,10,500
73,1,0.2697830864754722,0.594436024921787,balanced_subsample,8.0,sqrt,3,300
73,2,0.0924711992951952,0.5102859821847163,balanced_subsample,8.0,sqrt,3,300
73,3,0.07220838314502959,0.5866862348738682,balanced_subsample,8.0,sqrt,3,300
73,4,0.06624038591190837,0.5450521147732303,balanced_subsample,8.0,sqrt,3,300
74,1,0.2672309209147288,0.5933193303377557,balanced_subsample,8.0,sqrt,3,500
74,2,0.09426134851682949,0.5179746835443038,balanced_subsample,8.0,sqrt,3,500
74,3,0.07074413124223533,0.5786558856921331,balanced_subsample,8.0,sqrt,3,500
74,4,0.07545021741047396,0.5530202422632701,balanced_subsample,8.0,sqrt,3,500
75,1,0.26988003141035194,0.6016856770625615,balanced_subsample,8.0,sqrt,5,300
75,2,0.09280561491659353,0.5077730895452414,balanced_subsample,8.0,sqrt,5,300
75,3,0.07534641901152331,0.6007531913715283,balanced_subsample,8.0,sqrt,5,300
75,4,0.06940433543777055,0.5452533301138879,balanced_subsample,8.0,sqrt,5,300
76,1,0.27139966752454203,0.603821577020907,balanced_subsample,8.0,sqrt,5,500
76,2,0.09192411823048358,0.5046788560712612,balanced_subsample,8.0,sqrt,5,500
76,3,0.0753812934864153,0.5979564145875447,balanced_subsample,8.0,sqrt,5,500
76,4,0.07438698859177555,0.5783331321179928,balanced_subsample,8.0,sqrt,5,500
77,1,0.27768092738614497,0.6108319374651033,balanced_subsample,8.0,sqrt,10,300
77,2,0.09158118898924911,0.5032911392405063,balanced_subsample,8.0,sqrt,10,300
77,3,0.06804228712727167,0.5700440284662034,balanced_subsample,8.0,sqrt,10,300
77,4,0.07398833647079667,0.5552738540786349,balanced_subsample,8.0,sqrt,10,300
78,1,0.2780109181262728,0.6118422801839887,balanced_subsample,8.0,sqrt,10,500
78,2,0.09209925519240428,0.5075105485232068,balanced_subsample,8.0,sqrt,10,500
78,3,0.07201579006089104,0.5900091379835517,balanced_subsample,8.0,sqrt,10,500
78,4,0.0631671479055183,0.533140166606302,balanced_subsample,8.0,sqrt,10,500
79,1,0.2574304845712184,0.5804994992599682,balanced_subsample,8.0,0.7,3,300
79,2,0.0854857894088506,0.4771870604781997,balanced_subsample,8.0,0.7,3,300
79,3,0.06678896614407376,0.5507434995707917,balanced_subsample,8.0,0.7,3,300
79,4,0.05595249559484493,0.5758783049619703,balanced_subsample,8.0,0.7,3,300
80,1,0.26220811034887503,0.5891494509584962,balanced_subsample,8.0,0.7,3,500
80,2,0.08599883391042004,0.48135021097046415,balanced_subsample,8.0,0.7,3,500
80,3,0.06351200840746343,0.5244648741450447,balanced_subsample,8.0,0.7,3,500
80,4,0.05898429534180891,0.5781319167773351,balanced_subsample,8.0,0.7,3,500
81,1,0.26397344367118847,0.5953798977249565,balanced_subsample,8.0,0.7,5,300
81,2,0.08470693840633425,0.4717674636661978,balanced_subsample,8.0,0.7,5,300
81,3,0.067714673393893,0.5341012931631268,balanced_subsample,8.0,0.7,5,300
81,4,0.052616526159681945,0.5583323272566301,balanced_subsample,8.0,0.7,5,300
82,1,0.2667223706704806,0.5947816684835112,balanced_subsample,8.0,0.7,5,500
82,2,0.08478850518839287,0.4742053445850914,balanced_subsample,8.0,0.7,5,500
82,3,0.06532018814975499,0.5280646858472018,balanced_subsample,8.0,0.7,5,500
82,4,0.06354832502291394,0.5700028170147692,balanced_subsample,8.0,0.7,5,500
83,1,0.2685423612795551,0.5957476979252523,balanced_subsample,8.0,0.7,10,300
83,2,0.0809977997160641,0.45196436943272383,balanced_subsample,8.0,0.7,10,300
83,3,0.06255869785566268,0.5098717913216848,balanced_subsample,8.0,0.7,10,300
83,4,0.06342874097872431,0.5546299649885308,balanced_subsample,8.0,0.7,10,300
84,1,0.2697124614092561,0.5969530190635718,balanced_subsample,8.0,0.7,10,500
84,2,0.08116153624521576,0.45453352086263477,balanced_subsample,8.0,0.7,10,500
84,3,0.059355209121473004,0.48926979204164706,balanced_subsample,8.0,0.7,10,500
84,4,0.05120044925837514,0.5331804096744336,balanced_subsample,8.0,0.7,10,500
85,1,0.2715745919318485,0.5948702950377992,balanced_subsample,,sqrt,3,300
85,2,0.09456585186050016,0.5148804500703235,balanced_subsample,,sqrt,3,300
85,3,0.07307423694496909,0.5816464984908482,balanced_subsample,,sqrt,3,300
85,4,0.04637921482993322,0.5081089782285001,balanced_subsample,,sqrt,3,300
86,1,0.27234766716172315,0.5980076750596013,balanced_subsample,,sqrt,3,500
86,2,0.09466591343296295,0.514017815283638,balanced_subsample,,sqrt,3,500
86,3,0.06751419018371932,0.5548694375986487,balanced_subsample,,sqrt,3,500
86,4,0.041738921094615786,0.48577407541550977,balanced_subsample,,sqrt,3,500
87,1,0.27334108630572773,0.6044508255563532,balanced_subsample,,sqrt,5,300
87,2,0.09290685016992856,0.5087294889826535,balanced_subsample,,sqrt,5,300
87,3,0.06185868061691906,0.5239664386785922,balanced_subsample,,sqrt,5,300
87,4,0.04320874399642708,0.4864179645056139,balanced_subsample,,sqrt,5,300
88,1,0.2725671806627433,0.6022617496654348,balanced_subsample,,sqrt,5,500
88,2,0.09165811259734527,0.5053164556962024,balanced_subsample,,sqrt,5,500
88,3,0.06587346683338724,0.5505496635560602,balanced_subsample,,sqrt,5,500
88,4,0.05595204545092656,0.525936657410761,balanced_subsample,,sqrt,5,500
89,1,0.27781328130016847,0.6111953063376849,balanced_subsample,,sqrt,10,300
89,2,0.09285914894909034,0.5118799812470699,balanced_subsample,,sqrt,10,300
89,3,0.06594494633184708,0.5454822363137928,balanced_subsample,,sqrt,10,300
89,4,0.04949925274181266,0.4954726548352046,balanced_subsample,,sqrt,10,300
90,1,0.2764679587375044,0.6098836333342196,balanced_subsample,,sqrt,10,500
90,2,0.09305864523122195,0.5125363338021566,balanced_subsample,,sqrt,10,500
90,3,0.06858414238818966,0.5624844238916733,balanced_subsample,,sqrt,10,500
90,4,0.050693169385118975,0.49792748199122705,balanced_subsample,,sqrt,10,500
91,1,0.26252754383577487,0.5868806111687184,balanced_subsample,,0.7,3,300
91,2,0.08612636151864642,0.47947491795593067,balanced_subsample,,0.7,3,300
91,3,0.06707698387169125,0.5410240079749675,balanced_subsample,,0.7,3,300
91,4,0.03372407263954409,0.4145438448227293,balanced_subsample,,0.7,3,300
92,1,0.26593600505215664,0.5938245016971985,balanced_subsample,,0.7,3,500
92,2,0.08697585425156076,0.486657290201594,balanced_subsample,,0.7,3,500
92,3,0.062382693254560334,0.5195635920582615,balanced_subsample,,0.7,3,500
92,4,0.03773776177057439,0.469918306571693,balanced_subsample,,0.7,3,500
93,1,0.2633347550863791,0.5947417865340813,balanced_subsample,,0.7,5,300
93,2,0.08439675102756827,0.4733802156586967,balanced_subsample,,0.7,5,300
93,3,0.07307708058398123,0.519978954946972,balanced_subsample,,0.7,5,300
93,4,0.03856157428471953,0.4802607750814923,balanced_subsample,,0.7,5,300
94,1,0.263330124659701,0.5934301135306161,balanced_subsample,,0.7,5,500
94,2,0.08430118005082354,0.47328645100796995,balanced_subsample,,0.7,5,500
94,3,0.06967100882072191,0.5214742613463297,balanced_subsample,,0.7,5,500
94,4,0.041055639454899914,0.5050102619823735,balanced_subsample,,0.7,5,500
95,1,0.2674588441074951,0.5941435572926359,balanced_subsample,,0.7,10,300
95,2,0.08035177366528126,0.4480075011720581,balanced_subsample,,0.7,10,300
95,3,0.06310516641167037,0.48566998033948994,balanced_subsample,,0.7,10,300
95,4,0.04120205471059568,0.501066441305485,balanced_subsample,,0.7,10,300
96,1,0.2698886250437711,0.5972188987264365,balanced_subsample,,0.7,10,500
96,2,0.08061350123002262,0.4503141115799344,balanced_subsample,,0.7,10,500
96,3,0.05919884794642903,0.4708830615013984,balanced_subsample,,0.7,10,500
96,4,0.03931953112322211,0.4846070264396958,balanced_subsample,,0.7,10,500
